{
  "baseline": {
    "r2_train": 0.0,
    "r2_test": -0.00021908714592466794,
    "mse_train": 1.3367782117894271,
    "mse_test": 1.3106960720039365
  },
  "linear_regression": {
    "r2_train": 0.661373157024123,
    "r2_test": 0.6437342932018939,
    "mse_train": 0.45266898561719204,
    "mse_test": 0.4668537808275781
  },
  "ann_relu": {
    "r2_train": 0.8210707450190543,
    "r2_test": 0.7898885712277071,
    "mse_train": 0.23918872951024303,
    "mse_test": 0.27533190269423596
  }
}